num_topics,coherence
4,0.4563630054215779
6,0.5300067465030355
8,0.4638650762614641
10,0.47476578368992495
12,0.48388006276945394
